bairro,q,n_airbnb,rec_an_old,adr_med,occ_le15_med,occ_forward_med,occ_fwd_cel,rec_91d_novo,rec_an_novo,rec_an_med,n_viva,preco_med,area_med,rsm2_med,condo_med,iptu_med,conclusivo,indicativo,condo_ano,iptu_ano,custo_cond_iptu,custo_op,rec_liq_an,yield_bruto,yield_liq,yield_liq_adm
Alto Sao Bento,0,0.0,,,,,,,,,0.0,,,,,,False,False,0.0,0.0,0.0,0.0,,,,
Alto Sao Bento,1,1.0,79265.816,291.4286,1.0,0.408,0.5255,13935.2694,46243.6556,46243.6556,0.0,,,,,,False,False,0.0,0.0,0.0,4624.3656,41619.29,,,
Alto Sao Bento,2,1.0,75440.0182,188.375,1.0,0.408,0.5255,9007.5464,29891.1962,29891.1962,0.0,,,,,,False,False,0.0,0.0,0.0,2989.1196,26902.0766,,,
Alto Sao Bento,3,0.0,,,,,,,,,0.0,,,,,,False,False,0.0,0.0,0.0,0.0,,,,
Alto Sao Bento,4,0.0,,,,,,,,,0.0,,,,,,False,False,0.0,0.0,0.0,0.0,,,,
Canto Da Praia,0,0.0,,,,,,,,,0.0,,,,,,False,False,0.0,0.0,0.0,0.0,,,,
Canto Da Praia,1,0.0,,,,,,,,,7.0,780000.0,50.0,14220.6897,600.0,100.0,False,False,7200.0,100.0,7300.0,0.0,,,,
Canto Da Praia,2,4.0,88168.4036,531.2331,0.625,0.408,0.3284,15876.2653,52684.7756,52684.7756,14.0,1221806.5,87.5,14270.1149,1.0,1.0,False,False,12.0,1.0,13.0,5268.4776,47403.2981,,,
Canto Da Praia,3,1.0,82243.057,371.625,1.0,0.408,0.5255,17770.0301,58969.1615,58969.1615,66.0,1769930.0,116.0,15050.5051,700.0,600.0,False,False,8400.0,600.0,9000.0,5896.9162,44072.2454,,,
Canto Da Praia,4,0.0,,,,,,,,,16.0,6002000.0,211.0,23427.2659,1.0,2521.0,False,False,12.0,2521.0,2533.0,0.0,,,,
Casa Branca,0,0.0,,,,,,,,,0.0,,,,,,False,False,0.0,0.0,0.0,0.0,,,,
Casa Branca,1,0.0,,,,,,,,,0.0,,,,,,False,False,0.0,0.0,0.0,0.0,,,,
Casa Branca,2,4.0,78122.2753,260.6256,0.5938,0.408,0.312,7399.5265,24555.0442,24555.0442,20.0,655000.0,69.5,9714.2857,350.0,280.0,False,False,4200.0,280.0,4480.0,2455.5044,17619.5398,,,
Casa Branca,3,2.0,83659.7482,409.7857,0.75,0.408,0.3941,14696.0728,48768.3524,48768.3524,7.0,778000.0,70.0,10658.7714,,,False,False,0.0,0.0,0.0,4876.8352,43891.5171,,,
Casa Branca,4,0.0,,,,,,,,,0.0,,,,,,False,False,0.0,0.0,0.0,0.0,,,,
Centro,0,0.0,,,,,,,,,0.0,,,,,,False,False,0.0,0.0,0.0,0.0,,,,
Centro,1,75.0,85343.1619,455.131,0.8125,0.408,0.4269,17682.4722,58678.6038,58678.6038,22.0,890000.0,42.0,14574.2754,500.0,1000.0,False,True,6000.0,1000.0,7000.0,5867.8604,45810.7434,0.0659,0.0515,0.0383
Centro,2,59.0,92310.9975,642.82,0.8125,0.408,0.4269,24974.4534,82876.7631,82876.7631,89.0,1150000.0,86.0,13068.1818,500.0,1000.0,True,False,6000.0,1000.0,7000.0,8287.6763,67589.0868,0.0721,0.0588,0.0444
Centro,3,38.0,95735.6048,735.0669,0.9062,0.408,0.4762,31853.5714,105704.8516,105704.8516,438.0,2100000.0,131.0,15789.4737,617.0,1300.0,True,False,7404.0,1300.0,8704.0,10570.4852,86430.3664,0.0503,0.0412,0.0311
Centro,4,1.0,91813.5702,629.4211,1.0,0.408,0.5255,30097.09,99876.0356,99876.0356,436.0,3900000.0,200.0,18889.8205,1000.0,1500.0,False,False,12000.0,1500.0,13500.0,9987.6036,76388.432,,,
Ilhota,0,0.0,,,,,,,,,0.0,,,,,,False,False,0.0,0.0,0.0,0.0,,,,
Ilhota,1,2.0,81165.4847,342.599,0.4688,0.408,0.2463,7679.1047,25482.8137,25482.8137,5.0,220000.0,38.0,5333.1053,250.0,120.0,False,False,3000.0,120.0,3120.0,2548.2814,19814.5324,,,
Ilhota,2,1.0,90557.7701,595.5942,0.6875,0.408,0.3613,19579.7168,64974.5372,64974.5372,0.0,,,,,,False,False,0.0,0.0,0.0,6497.4537,58477.0835,,,
Ilhota,3,0.0,,,,,,,,,4.0,2025000.0,129.0,15697.6744,401.5,1800.0,False,False,4818.0,1800.0,6618.0,0.0,,,,
Ilhota,4,0.0,,,,,,,,,19.0,2845125.0,154.0,18474.8377,950.0,2000.0,False,False,11400.0,2000.0,13400.0,0.0,,,,
Meia Praia,0,7.0,84527.8305,433.1688,0.875,0.408,0.4598,18123.766,60143.0203,60143.0203,0.0,,,,,,False,False,0.0,0.0,0.0,6014.302,54128.7183,,,
Meia Praia,1,16.0,86418.1072,484.0862,0.9062,0.408,0.4762,20977.5116,69613.0654,69613.0654,58.0,877500.0,40.0,21250.0,727.5,1000.0,False,True,8730.0,1000.0,9730.0,6961.3065,52921.7589,0.0793,0.0603,0.0444
Meia Praia,2,126.0,86045.9115,474.0606,0.9688,0.408,0.509,21959.8204,72872.8193,72872.8193,244.0,1075000.0,85.0,12929.3478,500.0,980.0,True,False,6000.0,980.0,6980.0,7287.2819,58605.5373,0.0678,0.0545,0.041
Meia Praia,3,284.0,94172.2795,692.9564,0.875,0.408,0.4598,28993.2706,96213.0534,96213.0534,1704.0,1884860.0,129.0,14957.265,600.0,1500.0,True,False,7200.0,1500.0,8700.0,9621.3053,77891.7481,0.051,0.0413,0.0311
Meia Praia,4,44.0,104846.8405,980.4916,0.875,0.408,0.4598,41023.734,136135.6834,136135.6834,1408.0,3700000.0,190.0,18617.0213,950.0,3000.0,True,False,11400.0,3000.0,14400.0,13613.5683,108122.115,0.0368,0.0292,0.0219
Morretes,0,0.0,,,,,,,,,0.0,,,,,,False,False,0.0,0.0,0.0,0.0,,,,
Morretes,1,3.0,87008.8966,500.0,0.8125,0.408,0.4269,19425.6972,64463.4292,64463.4292,50.0,624500.0,43.0,12893.9783,350.0,1000.0,False,False,4200.0,1000.0,5200.0,6446.3429,52817.0863,,,
Morretes,2,43.0,85719.7036,465.2737,0.8125,0.408,0.4269,18076.5306,59986.2716,59986.2716,1044.0,790000.0,69.0,11551.3331,350.0,700.0,True,False,4200.0,700.0,4900.0,5998.6272,49087.6444,0.0759,0.0621,0.0469
Morretes,3,9.0,96206.5502,747.7525,1.0,0.408,0.5255,35755.3579,118652.78,118652.78,155.0,845000.0,70.0,11449.2754,400.0,800.0,False,False,4800.0,800.0,5600.0,11865.278,101187.502,,,
Morretes,4,1.0,94092.4054,690.8049,0.5625,0.408,0.2956,18580.6612,61659.2095,61659.2095,58.0,6170982.5,188.5,26827.6759,1400.0,2400.0,False,False,16800.0,2400.0,19200.0,6165.921,36293.2886,,,
Tabuleiro Dos Oliveiras,0,0.0,,,,,,,,,0.0,,,,,,False,False,0.0,0.0,0.0,0.0,,,,
Tabuleiro Dos Oliveiras,1,0.0,,,,,,,,,1.0,820000.0,68.0,12058.8235,,,False,False,0.0,0.0,0.0,0.0,,,,
Tabuleiro Dos Oliveiras,2,12.0,84780.7867,439.9825,0.8125,0.408,0.4269,17093.9351,56725.5662,56725.5662,106.0,781919.5,69.0,11502.1843,350.0,850.0,False,True,4200.0,850.0,5050.0,5672.5566,46003.0096,0.0725,0.0588,0.0443
Tabuleiro Dos Oliveiras,3,3.0,95742.2731,735.2465,0.8125,0.408,0.4269,28565.3529,94793.0249,94793.0249,14.0,830000.0,70.0,11945.1346,350.0,1615.0,False,False,4200.0,1615.0,5815.0,9479.3025,79498.7224,,,
Tabuleiro Dos Oliveiras,4,0.0,,,,,,,,,1.0,4085460.0,226.0,18077.2566,,,False,False,0.0,0.0,0.0,0.0,,,,
