bairro,q,n_ab,n_vr,adr,occ_alta,preco,status,yl_base,yl_A_occ80,yl_B_f60,yl_C_adm20,yl_COMB,r_base,r_A,r_B,r_C,r_COMB,celula
Morretes,2,43,1044,465.27366246913584,0.8125,790000.0,OK,0.06213625875576371,0.04846850067549704,0.05159509425184256,0.046949860888800744,0.029760435579486853,1,1,1,1,1,Morretes-2Q
Centro,2,59,89,642.82,0.8125,1150000.0,OK,0.05877311893504014,0.045801103843684285,0.04876854143064653,0.044359768833533646,0.028045353315300843,4,3,3,3,2,Centro-2Q
Tabuleiro Dos Oliveiras,2,12,106,439.98253676470586,0.8125,781919.5,IND,0.0588334343548131,0.04577505441314434,0.048762248553055845,0.04432412330851449,0.027901089966123182,3,4,4,4,3,Tabuleiro Dos Oliveiras-2Q
Meia Praia,1,16,58,484.0862068965517,0.90625,877500.0,IND,0.06030969672734782,0.04603009356421444,0.04929665090744662,0.04444347099053295,0.02648455113126846,2,2,2,2,4,Meia Praia-1Q
Meia Praia,2,126,244,474.0605605605606,0.96875,1075000.0,OK,0.0545167789212054,0.04231481848580154,0.04510610077892591,0.04095904510408999,0.025613098365801962,5,5,5,5,5,Meia Praia-2Q
Centro,1,75,22,455.1309523809524,0.8125,890000.0,IND,0.05147274544373483,0.039605162647122695,0.042319953757759037,0.03828654233638802,0.023361129778860307,6,6,6,6,6,Centro-1Q
Centro,3,38,438,735.0669066076043,0.90625,2100000.0,OK,0.041157317349147404,0.03209690149836555,0.03416953388121213,0.03109018862605645,0.019695244362066388,8,8,8,8,7,Centro-3Q
Meia Praia,3,284,1704,692.9564064194578,0.875,1884860.0,OK,0.041324951491923986,0.032136815707932836,0.03423866490310506,0.03111591173193382,0.019560338911342255,7,7,7,7,8,Meia Praia-3Q
Meia Praia,4,44,1408,980.4916337285904,0.875,3700000.0,OK,0.02922219324883749,0.02259937622069161,0.024114391123348466,0.02186350766200874,0.013534239762035442,9,9,9,9,9,Meia Praia-4Q
